filename,fractal_dimension,entropy,lacunarity,SRE,LRE,RPC,Minor_Axis_Length,Solidity,Integrated_Density,Label
GBM-Grade IV-3.jpg,1.5119202777466203,4.820922086323981,0.0150875586225789,2.284,251.627,21.716,1.79091659535258,0.942411434673492,97375803.0,1
GBM-Grade IV Age-47.jpg,1.6970631980654785,5.463209301585389,0.0199457520938203,2.522,33.504,33.788,2.542187001434247,0.8904979841584758,104161879.0,1
GBM-Grade IV-C7.jpg,1.511084696958597,6.216089752581781,0.0319469182017927,2.492,24.685,32.252,1.0954190978148286,0.9647310877884702,45657986.0,1
GBM-Grade IV-1.jpg,1.6723723063664555,5.755330973322613,0.0228785365316103,2.539,23.623,36.928,1.809838804317777,0.9139430808926056,95204615.0,1
GBM-Grade IV-D4.jpg,1.781810459626737,5.986614861391926,0.0292435239137052,2.818,20.184,38.583,2.99530873379966,0.8691050365977034,100373346.0,1
GBM-Grade IV-12.jpg,1.7511335944912818,5.260410850824806,0.0253900118199482,2.863,14.922,42.258,3.350566222650487,0.8813618468780213,116192650.0,1
GBM-Grade IV-C10.jpg,1.7264204323095116,6.412646095882216,0.0324773735855324,2.599,19.717,35.769,1.8582989007521604,0.9038276823007488,62114394.0,1
GBM-Grade IV-D3.jpg,1.7692540023657048,6.319928451772274,0.0288933978342296,2.747,16.276,38.92,2.2044833974348537,0.8838597182025811,72872151.0,1
GBM-Grade IV-10.jpg,1.7074617657297972,5.423775152826891,0.0445749776647427,2.994,35.682,40.531,1.9652615803925733,0.8948126001329546,101319241.0,1
GBM-Grade IV-C8.jpg,1.5369737235208965,6.330361289893529,0.0463863863794232,2.576,24.03,33.816,1.274688289400529,0.9538305650126166,55411924.0,1
GBM-Grade IV-C9.jpg,1.724627198944806,6.09011106386725,0.0298700936976514,2.694,17.878,39.052,2.037243682197864,0.8935502284914082,78157394.0,1
GBM-Grade IV-4.jpg,1.5936200885061995,5.509989310628607,0.0152387397025892,2.282,44.553,28.769,1.6460062494533934,0.9426848974655708,85884973.0,1
GBM-Grade IV-C6.jpg,1.7419027595387024,5.852143061655653,0.0354823883634151,2.831,14.364,42.274,2.272736257511844,0.902210027397089,96529889.0,1
GBM-Grade IV-D1.jpg,1.7550819937773676,6.292444973111298,0.0186106446474605,2.493,42.458,29.724,1.7193178787272996,0.898774357551013,85181867.0,1
GBM-Grade IV-C3.jpg,1.5595105829700229,5.934666052123705,0.0322923079741996,2.633,19.127,35.931,1.1301680784433974,0.9418714679781308,65829163.0,1
GBM-Grade IV-C5.jpg,1.7427633348349154,6.279767796639376,0.0343411626319452,2.687,17.984,38.39,2.2099913942519698,0.8914339184140323,72629016.0,1
GBM-Grade IV-D2.jpg,1.6984021563767944,6.025180457745977,0.0231722789206239,2.608,22.951,36.544,1.4226074020534885,0.9238053735636306,70576637.0,1
GBM-Grade IV-C4.jpg,1.7384302960937277,6.143126218614112,0.0407413208862289,2.936,12.59,43.7,2.238905685575601,0.8874992190835275,79532817.0,1
GBM-Grade IV-2.jpg,1.7256206036224877,5.308021191993372,0.0147538067917148,2.44,29.6,32.341,2.228087195357256,0.909091917190077,105726890.0,1
GBM-Grade IV-11.jpg,1.7882668288047652,6.070085541708931,0.0300391971940217,2.81,15.921,41.765,2.634951548329253,0.916440431634012,120815108.0,1
GBM-Grade IV-5.jpg,1.4016798188441757,5.819151013047141,0.0147836914786546,2.013,115.886,20.067,1.5831202267227351,0.96385400339868,66247687.0,1
GBM-Grade IV-9.jpg,1.662875161890899,5.863124330411157,0.0530418422635331,2.892,13.472,44.699,1.3612585756970637,0.9241127994014076,92709320.0,1
GBM-Grade IV-G8.jpg,1.7725830381315422,5.587278763602276,0.0137724639180081,2.324,61.269,26.769,2.284101123640772,0.8837430932971502,91667040.0,1
GBM-Grade IV-D8.jpg,1.639413208541506,6.186077892514962,0.030692137205564,2.467,25.279,34.412,1.812342049030472,0.9202918903135704,65307581.0,1
GBM-Grade IV-E8.jpg,1.7897151621219156,6.17972512332247,0.0283528758405858,2.784,16.082,39.899,3.288249411778225,0.8695544533783323,95088367.0,1
GBM-Grade IV-D7.jpg,1.635153362973116,5.998483282165236,0.0416323919160193,2.467,31.62,33.766,1.965790962512,0.9239329586141004,82505888.0,1
GBM-Grade IV-F3(1).jpg,1.7575841045933556,6.288287308677644,0.02585822925224,2.645,22.411,36.354,1.9267792881048416,0.9090188015836876,62399541.0,1
GBM-Grade IV-G2.jpg,1.591157533877935,5.95607200347447,0.0220751184469205,2.412,34.609,31.888,1.7276891005742632,0.9324199952827972,71123186.0,1
GBM-Grade IV-E7(2).jpg,1.7723474597191884,5.947349248776541,0.026402853906309,2.768,16.712,40.29,3.2567660744456,0.8652046894264068,92402548.0,1
GBM-Grade IV-F1(1).jpg,1.7635172716132572,6.395114212539035,0.0327269749856698,2.648,22.692,37.504,2.680285692571446,0.880575557862073,97005023.0,1
GBM-Grade IV-E8(2).jpg,1.7897151621219156,6.17972512332247,0.0283528758405858,2.784,16.082,39.899,3.288249411778225,0.8695544533783323,95088367.0,1
GBM-Grade IV-F9.jpg,1.7586848251388334,6.224562736371103,0.0358439941715751,2.79,16.73,41.161,2.740610568898288,0.8841482661469361,90304766.0,1
GBM-Grade IV-F2(2).jpg,1.7587428426013934,6.034501305552364,0.0203114073728972,2.53,25.153,35.32,1.9901046056539504,0.8877026586971632,85842705.0,1
GBM-Grade IV-F8.jpg,1.604327095371681,5.418349742540437,0.0224333984795787,2.365,35.159,31.314,2.0542156146357278,0.9133779800156754,90095027.0,1
GBM-Grade IV-F10.jpg,1.779953794893479,6.409139385884508,0.0471784969888953,2.948,12.707,44.114,2.948988925961348,0.8858995018229958,88557693.0,1
GBM-Grade IV-G1.jpg,1.7802220666881197,6.115377472205521,0.0172061340133099,2.547,26.069,35.56,1.9520452057473243,0.8867142613511246,76427546.0,1
GBM-Grade IV-D9.jpg,1.6778956461999055,6.136544532919118,0.0238130584736027,2.412,28.962,32.913,1.8275760558601557,0.9297195810340156,69198522.0,1
GBM-Grade IV-F2(1).jpg,1.7587428426013934,6.034501305552364,0.0203114073728972,2.53,25.153,35.32,1.9901046056539504,0.8877026586971632,85842705.0,1
GBM-Grade IV-G3.jpg,1.552422217897801,6.133590358715057,0.0217092285058966,2.329,45.785,29.532,0.9612016487115704,0.9628385220370976,64307549.0,1
GBM-Grade IV-E2.jpg,1.5845241320837904,6.144000456520286,0.0213144859781816,2.297,29.227,29.836,1.1541147759606067,0.9436829067629766,52638409.0,1
GBM-Grade IV-F2.jpg,1.7587428426013934,6.034501305552364,0.0203114073728972,2.53,25.153,35.32,1.9901046056539504,0.8877026586971632,85842705.0,1
GBM-Grade IV-E4(2).jpg,1.7288437310402982,6.164757980188182,0.0200050875150739,2.457,30.977,33.099,2.1562923981689712,0.9048305136332988,84935556.0,1
GBM-Grade IV-E8(1).jpg,1.7897151621219156,6.17972512332247,0.0283528758405858,2.784,16.082,39.899,3.288249411778225,0.8695544533783323,95088367.0,1
GBM-Grade IV-E3.jpg,1.758936294314215,6.394863225439837,0.0237674497668258,2.575,27.987,33.414,1.6991643481206706,0.9026811525381122,62841496.0,1
GBM-Grade IV-E7(1).jpg,1.7723474597191884,5.947349248776541,0.026402853906309,2.768,16.712,40.29,3.2567660744456,0.8652046894264068,92402548.0,1
GBM-Grade IV-G5.jpg,1.7352084133099797,6.053758352521415,0.020717179870869,2.568,32.136,31.172,1.3408051031574018,0.9076733155548748,63969996.0,1
GBM-Grade IV-G4.jpg,1.3418243688129188,5.972528684425009,0.0215739046305163,2.328,50.274,27.931,1.393480216588638,0.968405615878979,58577284.0,1
GBM-Grade IV-D5.jpg,1.754724635726875,6.052266088084036,0.0181617640945891,2.431,29.612,32.157,2.6246478265873634,0.8858087233175346,73613017.0,1
GBM-Grade IV-F10(1).jpg,1.779953794893479,6.409139385884508,0.0471784969888953,2.948,12.707,44.114,2.948988925961348,0.8858995018229958,88557693.0,1
GBM-Grade IV-E1.jpg,1.7219955909206015,6.035351625489018,0.011432122610616,2.297,30.124,30.15,1.4461942807956083,0.9256397817238594,61991187.0,1
GBM-Grade IV-G6.jpg,1.6979481577576514,5.760734937220338,0.0173326191424932,2.544,32.264,32.952,1.1197283826216498,0.931027989887612,73926107.0,1
GBM-Grade IV-G7.jpg,1.800107289079328,5.711026917913013,0.0170073007618995,2.548,39.35,31.932,2.508893161604257,0.9170501361073402,114603321.0,1
GBM-Grade IV-F1(2).jpg,1.7635172716132572,6.395114212539035,0.0327269749856698,2.648,22.692,37.504,2.680285692571446,0.880575557862073,97005023.0,1
GBM-Grade IV-F7.jpg,1.6703196551280493,5.953314293370588,0.0222413210232752,2.37,32.71,31.944,1.9743334491839188,0.916548413098837,72428874.0,1
GBM-Grade IV-G10.jpg,1.7358758183469831,6.184988090834431,0.0257301151096249,2.615,23.492,35.896,1.4295765456681526,0.9147564134537391,68072357.0,1
GBM-Grade IV-D6.jpg,1.759939694717352,5.514052107365347,0.0134130613840377,2.468,24.748,35.011,2.3199465550932703,0.8870404939691882,93547580.0,1
GBM-Grade IV-F1.jpg,1.7635172716132572,6.395114212539035,0.0327269749856698,2.648,22.692,37.504,2.680285692571446,0.880575557862073,97005023.0,1
GBM-Grade IV-F6.jpg,1.769415387371312,5.555389008735761,0.0105952352634417,2.331,44.471,29.127,2.538315042687163,0.8945451866859525,99566783.0,1
GBM-Grade IV-F5.jpg,1.7496890987428095,5.982455797753057,0.0162831084171537,2.428,33.193,32.37,2.233798727671417,0.8972316387670762,80598699.0,1
GBM-Grade IV-F10(2).jpg,1.779953794893479,6.409139385884508,0.0471784969888953,2.948,12.707,44.114,2.948988925961348,0.8858995018229958,88557693.0,1
GBM-Grade IV-G9.jpg,1.7420526273726755,6.099427418693512,0.0244497098616271,2.586,26.12,34.518,1.8882818365693963,0.901832093643796,75569382.0,1
GBM-Grade IV-E4.jpg,1.7288437310402982,6.164757980188182,0.0200050875150739,2.457,30.977,33.099,2.1562923981689712,0.9048305136332988,84935556.0,1
GBM-Grade IV-F4.jpg,1.7339484026326208,6.0775800340807935,0.0223795223718468,2.521,35.076,32.166,2.076897104358655,0.919958137101934,76372232.0,1
GBM-Grade IV-E4(1).jpg,1.7288437310402982,6.164757980188182,0.0200050875150739,2.457,30.977,33.099,2.1562923981689712,0.9048305136332988,84935556.0,1
GBM-Grade IV-E7.jpg,1.7723474597191884,5.947349248776541,0.026402853906309,2.768,16.712,40.29,3.2567660744456,0.8652046894264068,92402548.0,1
GBM-Grade IV-F3.jpg,1.7575841045933556,6.288287308677644,0.02585822925224,2.645,22.411,36.354,1.9267792881048416,0.9090188015836876,62399541.0,1
GBM-Grade IV-D10.jpg,1.6725836380752177,6.4041129653843765,0.0255196466215166,2.369,28.75,31.704,1.664197327751697,0.9356239791184134,53589123.0,1
D2.jpg,1.5795581302469692,6.856157403386869,0.0294666727987771,1.969,75.752,43.603,1.9198630099031064,0.9417030183197134,196178483.0,1
C2.jpg,1.5954526382326175,6.977694831212416,0.0426799377184028,2.052,84.126,37.429,2.0031011371563165,0.950923890443528,164038324.0,1
B2.jpg,1.720456950845623,6.462795326163423,0.0158648838988301,1.996,60.41,40.57,4.040658900630998,0.8928251251353291,228227574.0,1
D1.jpg,1.7933074296556246,5.905496026595954,0.0068611544400169,1.972,95.717,39.578,2.7542077047254168,0.8901221247307936,257190246.0,1
A4.jpg,1.7453799606106115,6.021151505115197,0.0062499055033979,1.871,77.287,38.56,2.311202475337198,0.9082635623122368,210927061.0,1
A6.jpg,1.4902162567340314,6.358889591117039,0.0096589356728998,1.798,442.178,19.65,1.629346070791183,0.9508879614524962,148252579.0,1
A8.jpg,1.674128993738366,6.756840381148737,0.0185376795379327,2.03,73.67,38.631,1.9108155540281917,0.9349989899275608,138848609.0,1
B1.jpg,1.7211809294403473,5.696976729489363,0.0100915128864991,2.027,53.374,44.846,4.084509420982959,0.8927032332758779,341104826.0,1
A3.jpg,1.5970410622668938,6.568564056805218,0.0144047239835467,1.872,314.554,24.069,1.9408406171660368,0.9447906602388751,148933006.0,1
A10.jpg,1.7253737975117085,6.65735273544154,0.0228604797025162,2.134,50.809,51.464,2.867329615382016,0.8963243038371067,261172983.0,1
A1.jpg,1.5979103685110072,5.895826356484071,0.0057278076579194,1.955,49.226,44.593,1.390185774986057,0.9596747462560262,155345979.0,1
A5.jpg,1.6851328556373948,6.253167505508804,0.0190133229043307,2.085,218.37,35.889,4.368805818549237,0.9048254589169816,316565941.0,1
A9.jpg,1.689385163065,6.871029969344501,0.0266473150026576,1.981,59.622,43.063,2.7171245481279938,0.9092591133379976,209935448.0,1
GBM-14.jpg,1.77981200103768,6.051594997045224,0.0629472729690711,2.885,13.91,77.379,3.553175572179593,0.8680142171547659,278250850.0,1
GBM-11.jpg,1.601826359787286,6.131209577652055,0.0464066178451515,2.489,46.745,54.872,1.3600528005676176,0.9526941333274738,182217952.0,1
A7.jpg,1.4788585562074266,7.095867882100916,0.0407137082029403,2.04,104.182,43.603,2.572071402098196,0.9252442495220484,188471588.0,1
GBM-12.jpg,1.4983630813923037,5.986686420712864,0.0447427124668582,2.391,42.975,50.451,1.8961896943966847,0.9502619882147832,180870550.0,1
A2.jpg,1.8626341379152829,5.998149212743906,0.0067981283641959,1.964,168.722,39.375,3.5809718335374465,0.8774228261808091,523336552.0,1
GBM.jpg,1.693913076974815,6.134065072845614,0.0702477113870306,2.589,26.38,66.258,3.366112028337655,0.8842119199664585,271469040.0,1
GBM-1.jpg,1.735413041141903,5.996453833204909,0.0762956664350512,2.878,13.841,77.916,3.400451633615627,0.8853764091587507,290552083.0,1
GBM-4.jpg,1.7610095293779553,5.726496718097255,0.0467142661734746,2.82,18.986,68.657,3.6767835243511295,0.8887151553917546,327029346.0,1
GBM-6.jpg,1.763138323570518,6.120180710802148,0.0784847770229241,2.889,14.842,90.605,2.2562388298852083,0.8652865286590854,330116409.0,1
C1.jpg,1.6356663460479148,6.109485917859203,0.0114211888500273,1.788,82.332,39.193,3.608474813209038,0.9051668699257862,292770575.0,1
GBM-13.jpg,1.6691395651319738,6.434508209127575,0.0644453896886933,2.725,18.179,69.995,1.75840624665664,0.926767709197306,181475740.0,1
43-F-GBM.jpg,1.7107480677454008,5.532928529724331,0.0258334141392629,2.49,25.416,55.367,4.656066353350973,0.8838174995030872,264645128.0,1
52-M-GBM.jpg,1.361779605497447,6.424933347249953,0.0478827119446489,1.9,151.813,31.364,2.4395327845689185,0.9550765657410418,143744710.0,1
58-F-GBM.jpg,1.5801515272058917,7.3215557626326495,0.1059053448432763,1.769,79.85,45.657,3.0187223765241518,0.9157451878859674,246932112.0,1
47-M-GBM.jpg,1.5846374629803377,6.121444702228658,0.0287898618522573,1.968,90.922,37.56,2.566842247232058,0.915230983910522,176141201.0,1
35-M-GBM-1.jpg,1.737546051926364,6.628991265439865,0.0200584641663008,2.415,30.193,48.948,3.152250469577884,0.8764062292279365,179753548.0,1
42-M-GBM-4.jpg,1.8238947553269964,7.087537894146566,0.0692229253305987,2.891,13.672,99.172,3.93999397423584,0.8601715452930448,435671810.0,1
65-M-GBM.jpg,1.7108906019203105,7.169572530120165,0.0736870309451359,2.322,41.334,68.146,3.1950834533453207,0.9078423830379,336254955.0,1
GBM-10.jpg,1.7697893075006454,6.42796544898185,0.1086128393963974,3.007,14.523,85.15,3.0928442380509127,0.8608326483268582,299563082.0,1
GBM-7.jpg,1.7308765263844474,6.436527184634784,0.0825878952316911,2.809,15.905,84.588,1.9660648419582536,0.8902221832448326,259684708.0,1
42-M-GBM.jpg,1.6725808957439965,4.646664277698237,0.0223492509177651,2.687,141.457,51.376,3.775175171429663,0.8678366172946349,300047930.0,1
35-M-GBM-2(1).jpg,1.7389158148947663,6.646147331511961,0.0186525795350183,2.365,31.816,44.178,2.965880014790222,0.8843969259897998,180407524.0,1
35-M-GBM-2.jpg,1.7389158148947663,6.646147331511961,0.0186525795350183,2.365,31.816,44.178,2.965880014790222,0.8843969259897998,180407524.0,1
GBM-9.jpg,1.81444690670065,5.90664334661462,0.0290906334924129,2.528,27.321,63.916,3.119515293094593,0.8650993375327313,303439479.0,1
GBM-5.jpg,1.771930964501751,5.886843258641707,0.0363727470328532,2.637,19.062,69.04,2.782918769667801,0.8967593618556693,277585543.0,1
63-F-GBM.jpg,1.6705316746407983,7.055095018513105,0.0503486869754935,2.317,34.435,66.356,2.0658927192088745,0.913664605713704,271869890.0,1
38-M-GBM.jpg,1.7568905251068825,6.057160913583759,0.0089610919916268,1.913,59.746,47.26,3.041412413988221,0.8899670086278013,303000616.0,1
42-M-5.jpg,1.8284256435596948,6.897102703898108,0.0276758932816377,2.314,31.18,70.118,3.268663145451297,0.8791036486595986,349656474.0,1
35-M-GBM-3(1).jpg,1.6512375607012375,5.864613902401383,0.0322876423996063,2.102,57.592,44.853,3.300249182813633,0.9056606090851802,231694875.0,1
11-F-GBM.jpg,1.6704808818516448,6.185736464451082,0.0510861901328105,2.524,22.567,61.612,3.4040962478687864,0.8936666933075458,210754018.0,1
GBM-3.jpg,1.7533883210496402,5.646898062558559,0.0456234734255973,2.721,17.269,82.198,2.1261135320547546,0.8779133840251954,367973794.0,1
J13.jpg,1.683186612223288,6.691244769116716,0.0424791449066812,2.379,25.798,62.653,3.0886789895677,0.9298368529366804,287243205.0,1
40-F-GBM.jpg,1.6490790765898329,5.707049480548308,0.0138962507226415,2.371,28.761,45.377,1.1560057189427757,0.9431698777084708,131131353.0,1
22-F-GBM.jpg,1.67172211515834,5.466148295032239,0.0450785665000407,2.494,94.234,46.221,3.797028696850932,0.8969137767677227,254769829.0,1
J11.jpg,1.5053192327481173,6.667464624138934,0.0327441102922174,1.94,77.189,46.209,2.2423625595557444,0.9222330515865946,321280192.0,1
35-M-GBM(1).jpg,1.7009218415270655,6.583009130669032,0.0171982936614018,2.307,36.115,43.909,2.556418365491589,0.8858831796526083,158052153.0,1
J12.jpg,1.6422059146530794,6.564803175000598,0.0290175730211765,2.214,38.863,58.653,2.406519207967442,0.8990702279270193,319962763.0,1
61-F-GBM.jpg,1.708721364236291,5.253819006064238,0.047127943495289,2.856,21.995,69.476,5.660201129879954,0.870457540082825,343906800.0,1
35-M-GBM-3.jpg,1.6512375607012375,5.864613902401383,0.0322876423996063,2.102,57.592,44.853,3.300249182813633,0.9056606090851802,231694875.0,1
35-M-GBM.jpg,1.7009218415270655,6.583009130669032,0.0171982936614018,2.307,36.115,43.909,2.556418365491589,0.8858831796526083,158052153.0,1
GBM-8.jpg,1.8316178218788972,6.185570033325049,0.0309241653365114,2.595,22.957,64.011,3.3690398622555437,0.8509407721828371,265577261.0,1
43--M-GBM.jpg,1.5053056982918556,6.125822046680275,0.0340126360941305,2.213,58.663,43.864,2.017825787879145,0.9486416268987462,160993186.0,1
58-M-GBM.jpg,1.6761291802872578,4.819340442366284,0.0324860975044396,2.624,314.24,40.167,3.6303311799977447,0.8930550907013433,345661509.0,1
J8.jpg,1.3883480718041428,6.768905085713716,0.0300071259006714,1.799,272.87,27.012,2.597082162831483,0.9447716074467994,201730386.0,1
38-M-GBM(1).jpg,1.7568905251068825,6.057160913583759,0.0089610919916268,1.913,59.746,47.26,3.041412413988221,0.8899670086278013,303000616.0,1
J2.jpg,1.7608483633020369,7.066885152228989,0.0391094961760241,2.246,34.207,58.892,4.224182009037631,0.899613575456424,265006820.0,1
J9.jpg,1.4571882527369235,6.837346031764052,0.0557975252073809,1.84,62.091,47.372,2.976220734028197,0.9227231235825082,277484413.0,1
J7.jpg,1.6693347596228083,6.928718238202489,0.0365393272627864,2.14,57.613,61.263,3.0657201346764555,0.8853303186871914,390175098.0,1
J1.jpg,1.6853371884480486,6.809828560432568,0.0282973787419712,1.889,49.262,55.257,3.511144518138821,0.9160899157257624,310872337.0,1
J5.jpg,1.6862269104527794,6.682960471698554,0.0205821044345414,1.954,44.792,59.735,3.255313492207644,0.9110528809537342,335025060.0,1
J3.jpg,1.6373733030751558,7.35647642840568,0.0534151220746456,1.922,54.481,52.951,3.035890285314332,0.8787193391972593,197664245.0,1
J6.jpg,1.5938551283672602,7.037873556314507,0.0604103385243754,2.107,40.443,63.27,2.5027260726953475,0.9407957593759302,313857667.0,1
Normal cebellum-10.jpg,1.5019337071391468,5.48657980671795,0.0097098923769744,2.084,487.694,11.072,1.5546466683604048,0.9370724274396716,66608210.0,0
Normal cebellum-3.jpg,1.5942297597813622,5.2030503508468415,0.0067170792774452,2.078,168.605,16.299,1.3586017968786792,0.9499302860939196,73144478.0,0
Normal cebellum-5.jpg,1.362621923002283,4.90945400506696,0.0097478217722825,1.959,736.395,9.007,3.2044660059464447,0.9504374433186196,77892340.0,0
Normal cebellum-2.jpg,1.386064016140696,5.776786731206818,0.0150131508160109,2.134,305.368,14.391,1.9057912538560904,0.9457119676091956,62943236.0,0
Normal cebellum-7.jpg,1.5553462816971924,4.209083651741342,0.0062827598760124,2.172,404.894,14.434,2.067256497836127,0.9320160107806258,103351899.0,0
Normal cebellum-4.jpg,1.6639719732071516,5.035585765167102,0.0065278625737841,2.131,61.05,24.251,1.781209855027541,0.9191217099637684,80325409.0,0
Normal cebellum-6.jpg,1.430471870839932,4.2377298399454935,0.0086986987111396,2.075,1227.301,8.719,2.7412040045903643,0.9558456201261432,97365236.0,0
Normal cebellum-8.jpg,1.489790941099844,5.267526394878539,0.0078050389534632,2.315,38.808,29.105,1.9358664722099763,0.9165853350182532,61537370.0,0
Normal cebellum-1.jpg,1.475560416043426,5.583033392907161,0.0071629170315854,2.256,90.675,27.029,1.9420045700951016,0.9206891792247672,65259907.0,0
Normal cebellum-9.jpg,1.458087199385022,5.741484376045912,0.0115477504107988,2.039,380.533,12.236,1.7829746475994146,0.9350373107782184,60554426.0,0
F5.jpg,1.5045998726729888,6.128217372832403,0.04007706334692,2.299,183.856,16.553,2.404712211642541,0.9205971796454322,66005307.0,0
G3.jpg,1.6944917486620112,6.695280937563733,0.0244883161020696,2.345,233.315,19.639,1.9740439340201763,0.8881411747474414,51263250.0,0
G5.jpg,1.5379410279098635,6.730510568194265,0.0326029054790923,2.146,78.708,20.516,1.4450239490794583,0.945534121504059,34391565.0,0
G1.jpg,1.660829347370105,7.112078672930149,0.0538009936458513,2.506,22.274,31.894,1.4155756960272774,0.9323854574482938,41135635.0,0
F3.jpg,1.5852925242079494,6.782774487259024,0.0503248146185506,2.537,285.289,17.694,1.3018963989534889,0.9445871653507046,59244968.0,0
F9.jpg,1.5980058737269611,6.235709499192531,0.0264334728118712,2.396,26.257,28.948,0.942968191243282,0.9632839376769552,47171035.0,0
F2.jpg,1.5769549483328886,6.654718143085447,0.0251302576614617,2.237,35.049,25.004,1.9573370829177112,0.918408955036448,43236679.0,0
G9.jpg,1.6736210342959514,6.622194970058079,0.0344590787311678,2.329,34.007,27.747,1.8280255721827772,0.9273677508379952,43477090.0,0
G4.jpg,1.6632542775908326,6.656733959065914,0.0236562911773004,2.361,28.88,28.085,1.991670565308325,0.8846819389997704,40344565.0,0
G8.jpg,1.6191764133341406,5.739869332007682,0.0347587203379588,2.526,126.662,19.114,1.953240345782161,0.9317099425415823,73822871.0,0
G7.jpg,1.6883226867158614,6.056951914779464,0.0254051162325864,2.546,28.599,29.13,1.677257560624568,0.9366133997330184,63916419.0,0
E2.jpg,1.50973969544956,6.7112873861882525,0.031549931968092,2.261,49.669,23.947,1.3309236850599355,0.9445480418918516,45203140.0,0
F4.jpg,1.5507591736805373,6.817273643140815,0.0469477764633177,2.719,42.09,30.023,2.0637214954811194,0.90882475219533,51354577.0,0
G2.jpg,1.631293641275325,7.065687597306984,0.057652332005408,2.573,24.627,28.863,1.4796598368962428,0.941206430222966,39828475.0,0
D2 (1).jpg,1.565388839074216,6.532967469425293,0.0148747000151442,2.169,117.342,17.918,1.486366797802012,0.9506028813364176,37700618.0,0
E9.jpg,1.4530911605482326,4.987891703357666,0.0256718852963818,2.054,2083.878,5.997,2.225919462199915,0.9277016544619552,83806140.0,0
E3.jpg,1.3088201573504312,6.337352157203963,0.0218744651729769,2.292,46.343,23.506,2.864026085089588,0.9278307429725068,32666657.0,0
G10.jpg,1.6226431898788192,6.671550339035932,0.0360849172874589,2.222,62.476,23.125,1.6308434181062406,0.9360284960930814,39421655.0,0
F8.jpg,1.6177358093241303,6.051391420825417,0.0187626797898586,2.363,45.96,25.855,1.6796358218677232,0.9292094623465156,63572100.0,0
E1.jpg,1.714418924883277,6.880455234768358,0.0337277362679262,2.473,29.399,29.403,1.4142286853951305,0.9315677597967824,44544567.0,0
C8.jpg,1.4074584666138823,6.592614167622538,0.0498526099128441,2.267,40.643,25.866,3.569695870228668,0.9297704626431512,40847785.0,0
E8.jpg,1.5996715314226435,6.038256453025428,0.0231413711620167,2.388,31.785,26.037,1.3598115642424795,0.9217196868410042,49539581.0,0
F1.jpg,1.7041385338855053,6.066664127106537,0.0250705744496767,2.479,151.751,21.705,2.116126268653977,0.8944581087476969,78914620.0,0
G6.jpg,1.6117240422662389,6.571728900586752,0.0299039746914733,2.251,52.827,24.309,1.378308581937236,0.9279782149434526,41723138.0,0
D7.jpg,1.7018405382468031,6.907018418702714,0.0580996880111628,2.677,20.532,33.58,1.3072467927256155,0.9474263383220132,46146066.0,0
D8.jpg,1.6245445317092455,6.68381332686962,0.0617016397991142,2.596,20.158,33.236,1.4461448164287445,0.954408187537113,50910772.0,0
F7.jpg,1.6467817875187194,6.138011540964806,0.0161725240196283,2.333,92.241,20.342,1.3790948663823346,0.9418214912251404,53716711.0,0
D10.jpg,1.7769018099707472,6.259669683704719,0.0252480483403659,2.69,16.923,35.415,2.5770195767302293,0.8844853280594643,63902405.0,0
D3.jpg,1.7481506276443222,6.691287446414802,0.0228578133225411,2.406,32.859,28.229,1.7679368841168803,0.906480523782716,50195390.0,0
C6.jpg,1.6927308464966777,6.677804657096924,0.051819634527641,2.643,22.287,32.791,2.0658915453023403,0.9159654031305596,55137009.0,0
C10.jpg,1.4824479730511229,6.4611500229370336,0.0291792146106293,2.187,163.884,15.934,1.9286730911020635,0.9451775646086084,39353682.0,0
F10.jpg,1.380746189723873,6.690767585701254,0.0602006294841347,2.257,44.878,25.247,2.482405443285562,0.9486077719596616,36611287.0,0
B2 (1).jpg,1.5918244955637095,6.6746712488437385,0.0304107148081131,2.288,124.872,17.854,1.2183695038230034,0.9570655180513766,43405529.0,0
E7.jpg,1.6492603627663116,5.892363849490216,0.0208924355252845,2.39,34.417,27.967,1.537677935127052,0.902653948617628,60020988.0,0
C4.jpg,1.6254231584556635,6.460991912140413,0.0248157315231558,2.312,45.395,24.768,1.4960513899297376,0.9335498821430088,51586481.0,0
C9.jpg,1.4423531915052736,6.200769219252936,0.0193369035764399,2.17,64.859,22.176,2.4810114441093534,0.922964827394376,46537561.0,0
B1 (1).jpg,1.6901854537339658,6.723438917055678,0.0268608233204439,2.331,50.205,24.397,1.1155436192192456,0.955016544895621,45225857.0,0
B8.jpg,1.5707587870826258,6.433663467652358,0.0470637723599888,2.498,40.776,27.632,1.790983201736685,0.9024861891556346,50370677.0,0
B10.jpg,1.5950866579957437,6.034460380727826,0.0241580599059661,2.529,86.407,24.755,1.2447714112868036,0.9161242980724592,49861845.0,0
E10.jpg,1.5787920707946017,6.420588365739818,0.0533891446747481,2.417,238.355,14.707,1.606394500989408,0.9273547324672012,54256947.0,0
F6.jpg,1.5947307123774035,6.617136811096817,0.0468166327926033,2.431,182.426,17.474,1.8322165655379263,0.9300250914139762,47315669.0,0
B9.jpg,1.6032163437031364,6.375454918654492,0.0252555047381882,2.572,28.522,30.472,1.445680872050289,0.9098771825972296,44840578.0,0
C7.jpg,1.377824575572371,6.708469954319941,0.0482387453940875,2.199,142.81,16.687,2.956228009662016,0.933828024549496,35021904.0,0
E5.jpg,1.4838625990905965,6.716253082628447,0.0389867429688164,2.132,228.466,14.076,2.0971207503148763,0.901522925938061,37642542.0,0
B3.jpg,1.6613279563886665,6.765025195939294,0.0416289116296383,2.567,51.815,26.687,2.453003757046964,0.8800756206371897,51097390.0,0
E6.jpg,1.568488396362817,6.724866645781346,0.0396908021738273,2.236,115.073,18.41,1.6746963437500353,0.9091376737222406,38783386.0,0
D1 (1).jpg,1.6226516837120848,6.261449023261396,0.0136439861088637,2.256,101.985,19.278,1.3082329313689214,0.9439969901446514,48759030.0,0
A1 (1).jpg,1.5178765992042056,6.407159700141388,0.024838969219322,2.284,54.267,24.231,2.2092464615432763,0.9036105052552852,49154842.0,0
D5.jpg,1.5847554942602755,6.809291599634019,0.0613355706252083,2.324,53.6,23.651,2.0986816474092027,0.9205893268988404,47562794.0,0
A9 (1).jpg,1.655122734562747,6.421139176325483,0.025894391078301,2.551,26.482,31.308,1.411608385755638,0.9198536237867014,44839779.0,0
A5 (1).jpg,1.5698798550899302,6.352540409977704,0.0308188668776773,2.291,60.958,22.985,1.872280170449993,0.9212991745641264,49900293.0,0
C3.jpg,1.6542982613257762,6.941538533580259,0.0349125192966057,2.453,27.517,29.41,1.8096023193300148,0.903920395892177,41383774.0,0
A2 (1).jpg,1.5364586391104245,6.546728418521358,0.0300489816234672,2.192,162.698,16.003,2.056372569226756,0.9090841186795828,46072598.0,0
D4.jpg,1.7553045177095536,6.386294529773527,0.0221170525135859,2.459,27.702,29.809,1.8266490558290165,0.8993951416251624,60339874.0,0
B4.jpg,1.657307100625438,6.877316948703688,0.0409399071490236,2.43,69.724,23.086,2.150151376576764,0.879045706383655,44011500.0,0
D9.jpg,1.672803110016563,6.165808390066836,0.0262190087643595,2.426,28.894,29.465,1.703266232322811,0.9365810267810232,66018358.0,0
C2 (1).jpg,1.4639948852465796,6.463702900359729,0.0240915086120684,2.294,75.402,20.541,1.7836813977533772,0.931783460167802,43057859.0,0
C5.jpg,1.6366217025525795,6.674688750372668,0.0541082605475852,2.613,19.758,33.55,2.2107105505052,0.927005120741148,54384535.0,0
B6.jpg,1.5985968933102774,6.6379106038346185,0.0380887426228947,2.436,63.969,23.539,1.977108688579993,0.8910709496029721,41924810.0,0
A8 (1).jpg,1.6179844209159038,6.473160030871283,0.039193957158538,2.306,78.987,21.714,1.9366771668438263,0.9293196144427386,52537589.0,0
D6.jpg,1.6792656340492516,6.599760553082875,0.044882119743793,2.615,27.495,28.692,1.5671860121699803,0.9234193619548978,50228316.0,0
E4.jpg,1.3845947252196875,6.387242154874768,0.0239543899871505,2.255,79.96,20.85,2.2164255228793213,0.9355136168803744,37022761.0,0
A10 (1).jpg,1.4831858592740883,6.043601317411394,0.0219055307600916,2.34,35.158,27.402,1.4143993093055196,0.9533048978298926,57497231.0,0
A7 (1).jpg,1.541532746300167,6.4840286848596165,0.0458626925110909,2.325,141.883,17.339,2.540239112429142,0.9127070217430342,46770473.0,0
A3 (1).jpg,1.6269927153158936,6.621899324667675,0.036786960717035,2.301,89.708,17.364,2.45729557293039,0.8985393600099626,37413267.0,0
A4 (1).jpg,1.5866944544348562,6.174129404307057,0.0241706617793674,2.236,46.356,24.697,2.2071200212592026,0.9200253163382894,50221751.0,0
B5.jpg,1.5744392248480006,6.639646516853545,0.0303083232512423,2.3,39.575,26.058,1.8279523494869945,0.905858114648055,43555538.0,0
C1 (1).jpg,1.5624465148047206,6.631291465889723,0.0262051463527142,2.296,78.334,21.078,1.227915933748074,0.9505252843658654,43556908.0,0
A6 (1).jpg,1.5563565975330256,6.3973753205706725,0.0291596373405344,2.307,44.227,25.973,2.022335295085927,0.9125910981840976,46803775.0,0
B7.jpg,1.585522819321871,6.441156686129998,0.0405858576234649,2.38,99.103,20.567,1.4483883625994227,0.9158962780392136,52189761.0,0
